"","patient_aki7","patient_aki1","patient_aki2","patient_aki3","patient_aki4","patient_aki5","patient_aki11","patient_aki12","patient_aki6","patient_aki9","patient_aki10","patient_aki8","patient_aki13","patient_aki14","patient_aki15","patient_aki16","patient_aki17","patient_aki18","patient_aki19","patient_aki20","patient_aki21","patient_aki22","patient_aki23","patient_aki24","patient_aki25","patient_aki26","patient_aki27","patient_aki28","patient_aki29","patient_aki30","patient_aki31","patient_aki32","patient_aki33","patient_aki34","patient_aki35","patient_aki36","patient_aki37","patient_aki38","patient_aki39"
"aDC",4.10281152883811e-19,0.0655123935709644,3.63324130532029e-19,0,0.0197780327473831,4.25937070749786e-18,0,0,0.0300204204200118,0.1151635889031,0.0751992567732732,0.196058190112196,0.0717239862364977,0.079661717452892,0.0568726920606224,0.0638071447182512,0.0856845080672611,0.00695349074195354,0.0164910024850915,0.0473614916058315,0,0.0921500351606111,0.123560207928048,0.0862479501393388,0.0865925407814941,0,3.48357310890165e-18,1.88879575477543e-17,5.14406781101931e-19,0,0.0655828351279083,0.0753355732345665,0.0130443027600471,0.056522532661849,0,0.00306487155885064,0.190678180599973,0.0719872418943311,7.71385835594033e-18
"Adipocytes",0.41051012539151,0,0.0810947988996115,0.0774797474059551,0.113318981954826,0,0.186410002363665,0.00286556505655365,0,0.0900580076364434,0.0819546088806743,0.0429853321662821,0.116999102115452,0.0909101165743872,0.0813901907599837,0.0954586064345262,0.00477484808172214,0.275406815913801,0.0449951287874469,0.0141772926986859,2.19069468013331e-18,0.145873368912161,0.109619713973447,0.0404788833819753,0.0335173743293465,2.39963391858201e-17,4.55010130257778e-19,6.0548046579822e-18,0,0.213566468003597,0,0.0557928417266725,0,1.31919651894031e-17,0.12249385819078,0.140047279339093,0.0777614445805787,0.095022443761257,0.00441132514523442
"Astrocytes",0,0,3.03634519715831e-17,2.95013088463543e-17,4.54831845724774e-17,8.47282771460948e-17,4.14829360993786e-17,8.00171493195823e-17,1.73272305356558e-16,8.87465831098819e-18,3.39027843849279e-17,8.93531317081419e-18,7.42138970376953e-17,6.92469161866352e-17,2.23339643524841e-18,2.18839352324419e-17,1.02783789827328e-16,0,0,0,3.1296247971003e-17,0,0,0,1.83068557975951e-17,0,0,1.32309810851933e-17,0,1.75229161119647e-17,1.3945857593567e-17,1.7169160361256e-17,0,6.38732426978349e-18,0,7.62080925072702e-18,0,0,0
"B-cells",2.44381687615569e-18,0.0584763461594087,0,0.0925389681886808,1.34407196740693e-19,0.0359740250143773,0,0.0742985102095576,0.0533498619475317,0.0231921079533367,0.0335973051909025,0.156507953679503,1.29980805748221e-18,0,0,7.35922543350528e-19,8.16080429183518e-18,0,3.9331948951084e-19,0,0.00627137310746165,0.00192366787191906,0.134580192474635,0.120870290461347,0.060522116195023,0.0499939923648919,0,0.0383252455790928,2.91479769003185e-17,0.102362274203914,0.0313087359963865,9.33269624556215e-18,1.27637771470424e-18,0.106419228061726,0.105844203090248,0,0.147569457868732,5.82945728020269e-17,0.00484138682205283
"Basophils",0.0874990882935629,0.28373552952553,0.00882439235272692,1.2101376060483e-18,6.69159500504269e-18,0.250038045390173,0,1.6815751523473e-18,0.0685640097414241,1.33386529052973e-18,3.9828936693485e-19,1.24753161410784e-17,1.00552176166191e-17,0.501089755594988,0.433489096032547,0.0193047874874607,0.238436196601274,0.315486536792749,0.250712029757999,0.416830403721811,0.2724390461683,0.413790469709979,0.328958995917472,0.235235306239253,0.256672196368454,0.405778417566174,0.257201119491536,0.523489801277557,0.331350992260879,0.33639494877221,0.715399650376601,0.430143453444854,0.857361179556671,0.645866397930938,0.472438060404923,0.42024841305441,0.0413441279777397,0.503523321152975,0.561327976644652
"CD4+ memory T-cells",0.131394104434564,0.399368425201053,0.303176925460301,0.355878636141025,0.293295215022875,0.466604977258445,0.328576285087585,0.319512623515271,0.355443876883592,0.264327563712389,0.346029918134105,0.418191227653661,0.195682371191827,0.228831744892496,0.420828572448159,0.222584690749242,0.273414552376409,0.1380894776414,0.0847039990323776,3.70803360909098e-18,0.376038891791308,0.315965740735109,0.0157675871127432,0.176903578811364,0.197727741140443,0.0753677251393904,0.16352577441093,5.2482010681017e-18,0.0636250515366817,0.179219669265947,0.455814174809807,0.0761355033184861,0,0.161612341414701,0.296826766738419,9.23620512043918e-18,0.246067130016984,0.135798722597366,0
"CD4+ naive T-cells",5.42101086242752e-20,1.9984200695782e-18,9.79504964697903e-18,0.00262537892989633,5.03315712128463e-18,1.55697394147906e-19,4.22840068406325e-17,0,0.0696962678648899,0.0557077666212873,0.0686781960704423,0.25658606853009,4.38017153812273e-19,0,1.91395569546674e-18,0,0,3.65591461771995e-17,4.5417216815482e-17,8.42136718143556e-18,0,9.51575576850686e-18,0,0.140209393030042,0.0877026238472561,0,0,0,6.11205156791458e-17,0.00567159216736312,0,1.72469244390512e-17,0.0631748926706026,0,1.337951542435e-17,4.76728148039685e-18,0.219757196496441,7.67530481373728e-19,0
"CD4+ T-cells",0.0381232746182537,0.0680797838055642,0.138222604805082,0.115096767946416,0.149552570034544,0.124209897410041,0.0292995341540986,0.12518400783729,0.140829858509723,0.112146967431057,0.12087511099696,0.22503323968907,0.077015643193876,0.0105097145348973,0.0482162221922864,0.0518323256316089,6.30387280519359e-19,1.42808993404757e-17,0,0.0514681556009681,0.0904695197165876,0.0684872574512551,8.45838135534857e-18,0.146705726366392,0.105856359678066,0.140881258106911,0.098497559741561,0,1.18499074039838e-17,1.76658556828069e-18,0.110920506092559,0,0,0.0293648185026977,0.130785938534333,0,0.157406652466557,0.1105287610372,0
"CD4+ Tcm",0.108533550790664,0,6.31385990875413e-18,0,0,2.60249452131282e-18,2.18975412667077e-17,1.54532353674831e-17,0.00654448273948689,0.00508797871994046,0,0.0507625575586141,0.107903000978941,0.0915477772367271,0.194750397762981,3.02377319253278e-19,0.132125056908026,0.0376605049459279,0,0.209465035584955,0.0527775587735073,0.158882019781424,0.0819720259914312,0.183746838394638,0.142854358771173,0.348195077795298,0.226408905708275,0.0946777473554586,0.0416418719872148,0.15912027040354,0.216031160691363,0.0806037135733363,0.124299932179126,0.108803921269443,0.0980023386017067,8.46334913152656e-19,0.161613168214603,0.264764640469786,0.325588328784837
"CD4+ Tem",0.146017788161611,0.084322269964317,6.05859070216797e-18,4.47595186017632e-18,1.96242921971196e-17,0.0141403375607098,0,0,0.000518188986243155,0,9.35890228081136e-18,0.0509620174968671,0.0580871912152776,0.012023208728463,0.149007501096385,6.32477120264328e-18,0.195027453341174,0.175393932722258,0.00299963045844163,0.241326190661516,0.0451434072883308,0.117310023568165,2.52204381685702e-19,1.26716236447446e-20,0.238290310511604,0.0240420004494631,0.311614956554112,0,0.14735832811447,0.186254629314133,0.15035993010047,0.0397958269872471,0.134212745922834,0.205691736868131,0.227261659572245,0,0,0.0979032988687489,0.157230426311801
"CD8+ naive T-cells",0.338814453673085,0.174516019816357,0.22505500517907,0.194917102123696,0.11881563315077,0.233962573632258,0.624589627726962,0.357291358130038,0.349666912615332,0.269624821639105,0.29655754470323,0.301501759674622,0,0.137134704889811,0.235604117926488,0.218465467116927,0.329116257143436,1.05072900560137e-18,0.278832695493151,0.186457005386402,0.379692334292626,0.344049624637501,0.333175550649129,0.246574869507864,0.208606789415243,0.158292115881809,0.121312080712032,0.364973229301912,0.287849546389156,0.287583086390075,0.508876422745678,0.521209580598346,0.421686140302233,0.204143130626986,0.343056615939041,0.275553463416559,0.258871127849673,0.232113216139984,0.209934531337025
"CD8+ T-cells",0.137101323619609,0.0265730822772168,0.0272722701684036,0.0216208362866766,0,0.0112316876553128,0.0823829294602107,0.115692074337242,0.111256770496197,0.094771914541352,0.11309941517691,0.197163252239693,0.0292385223303444,4.91908472006273e-20,1.33177923822432e-17,0,4.37730558955819e-17,2.58541999818557e-18,0.0325762898537673,0.0390779849191868,0.113552856960546,0.134905313043699,0.0312509974871449,0.0970433590869913,0.0263410126852145,0.225977053934199,0.0869766625378716,0.0646008560568458,8.35161675573432e-18,0.0949697597506463,0.0710859158411029,0.102748376013393,0.0287083974841855,0.1039499402512,0.0515705521019967,0.0489531890673458,0.104672713602858,0.0749009118748957,0.117881283572087
"CD8+ Tcm",9.58126390417396e-18,0,0,0,1.26326391938641e-18,3.47973629798617e-18,4.72699790117667e-17,1.7132700535804e-17,2.40088952923988e-18,0,9.87061214268311e-18,0.0447689542427888,2.04947178150512e-17,1.09565164259321e-17,0.143935636596449,0,0,0,3.13993301233989e-17,3.54316459194276e-19,2.35002494250159e-18,0.0236469749095711,0,0,8.74016807034735e-18,0.0573354074196691,0.0426480647879036,7.74151960307281e-19,0,0,0.0180652092698739,2.85177751377141e-19,0,0,0.0717367944161568,0.0534460420187784,0,0,0.0456898340013747
"CD8+ Tem",0.0262502506219929,3.63847032067065e-20,2.25010034833677e-17,1.16648422934313e-17,0,0,3.75705012554572e-18,2.01513159949194e-17,0,2.96486887274736e-20,0,0.0395978009622616,0.127284242511711,0,0.00394699077359379,5.05098415088248e-18,0.0707435476948171,0.117752614122828,0.0408343430345032,0.081738840652171,0.037738290191791,0.172332989762521,0.0439303029910555,0.0733389858731518,0.0263973581570176,0.299483114236371,0.18124512186531,0,0.134523663067141,0.115420055612156,0,0.0485098641770101,0.0741264690033215,0.106582016943258,0.0481404678273002,0.0654992933075684,0.0536782489971047,0.123946211035187,0.152061184295139
"cDC",0.0854721646188485,0.0704285429122567,0.0230818842704062,0.048089632114751,3.86913079210183e-17,0.161564316522994,1.17179348093385e-17,0.0115554453842209,0.0689756739881876,0.0179606323254322,0.0249060092373649,0.0992682312820115,2.23846693810824e-17,6.09521651154212e-18,0,0.0736921913653774,0,0.0342507702867214,1.32292220781627e-17,0,0.0128235306176161,0.0475780687143971,0.0242473560914045,0,2.45326521588678e-18,4.0112563894342e-18,0,0.0258151311858641,6.37203603944528e-18,6.61805613148494e-18,0.0180532462854842,0,0,3.04482455704223e-18,0.0697916474487947,1.76878125711903e-17,8.7212017579885e-20,0,2.63958218857384e-17
"Chondrocytes",0,0.0477586935739335,0.100498134403898,5.40398389179898e-18,1.3580938502056e-17,0,0,6.94979825880805e-17,0,0.156910688892147,0,0.159384419469233,0,0.0289061329070953,0.0170797920170354,0.315066227699152,0.122221587931521,0.0508857121386497,0.156297790763226,0.0620804934002804,4.87688079929529e-18,1.08584812739134e-18,0.126067277851594,0,0.0201723876651388,0,0,1.18582291598415e-17,6.96549919110505e-17,0,1.69106234722336e-18,2.27097458491589e-18,0.0629814962181568,3.79387409468869e-18,0,2.2323703398964e-17,1.01767068508041e-18,0.0880878700937355,0
"Class-switched memory B-cells",0.153714797875935,0.0173470938128585,5.27581487704531e-18,0.115438167596024,0.0608502435400717,0,0,0.0748626350018962,0.083487060502001,0.0427899616761888,0.0385986195371484,0.135295833753224,0.0901497515949593,0.117272542396686,0.221455274531663,0.045258563317461,0.0918443180718108,0.137826209347391,0.281553614880298,0.37460537911053,0.273552478268673,0.0577856134065797,0.258758067856723,0.252379119472489,0.113124554640054,0.218685404650247,0.212742788096941,0.142884982673285,0.0108422005334444,0.276464346358096,0.166683408111172,0.35073223488253,0.13866062685031,0.283127968763807,0.315253517389138,0.269579920394252,0.203700431300232,0.160069339474235,0.343466090739662
"CLP",0.28548960287666,0.398860982870537,0.412524864690182,0.470646814926684,0.372580957128689,0.50486545994446,0.585266622028208,0.39226264323232,0.425728576948525,0.315899460363665,0.366890295021442,0.325468652815685,0.223684302679697,0.184794743554362,0.401029628631592,0.240736199694887,0.347632129547436,0.223400457288409,0.411516412190705,0,0.46547504302328,0.383959224198473,0.0805560687152776,0.169252425658372,0.269500203683079,0.159802131227251,0.155443527797888,0.166575548154776,0.0693717196426689,0.0561485784166607,0.24618957158657,0.450803922054877,0.224276386504077,0.217568969850623,0.241431369709435,0.0872097551799531,0.215612619730066,0.195902554142835,0.00765387207944973
"CMP",0,0,0,1.56823426150262e-17,2.1431469389792e-19,3.97703266263107e-18,0,0,3.52835462639849e-17,0,1.21052375467528e-17,0,6.48376916016187e-18,7.24781523861395e-18,0.0391971460895877,0.140551913077574,0.0632566227388285,0.033284661297035,0.0061529970708512,0.0340427333447938,0.020108533420966,2.74807164362877e-18,0.130201748975138,9.82403848233751e-18,3.72008478506247e-17,0.0794500234124149,0.064143135048848,0.205037166187767,0.0128379191244469,0.116422700126351,0.0196999554207649,0.108851685369957,0.0063933059818472,5.2405966256608e-18,2.5291341367145e-20,4.67609863573047e-18,2.98608661100512e-17,4.45092085589525e-18,0
"DC",0.025121165135623,0.0664173033013155,5.20127416622602e-18,4.39076709452934e-18,0,0.0442615727704863,3.84971545286265e-18,0,0.0201468725989332,0.0102936974519843,0.027577911784839,0.124283479899123,0,0.0483170928697349,0.0717314615502888,0.0855968090089498,0.0546980738029181,0.0611281265016195,0.0157280502681504,0.0451825865841995,0.0131239843087208,0.162282153677002,0.194230199028374,0,0.024521488465736,0.0844309081213325,0,0.0272592547671919,0.124293490318898,0,0,0.115948532940571,0,0.00320814487669428,0.0688487623060024,1.63334807920493e-17,0.0915979703352484,0.02722558699804,1.03797862546306e-17
"Endothelial cells",0.333302020627033,0.235288119450815,0.29564597616561,0.234625445048006,0.143734223124318,0.0618399771497389,0.175048300995939,0.0131664610955696,0,0.208100209080648,0.205677046198902,0.139596644230961,0.267917369974209,0.277080062298914,0.105382878562727,0.0651764348034158,0,0.186388753540568,0.132213545712775,3.0463533681593e-18,0.0697169526276059,0.0293947767756258,0,0.129468944452812,0.0927514697844296,3.41473549717819e-17,0,0,1.56566710835297e-17,0,0,3.42716143660267e-18,0,4.11400752744348e-18,0.024129219987575,0.0909263356839173,0.115501724391147,0.0423883580086022,7.17493309743806e-17
"Eosinophils",0.201982252092055,0.0477228247543916,0.000709527123005768,0.154735483390822,2.49950226258402e-17,0,0,0.0883588052596314,0.055458752510235,0.115253316614083,0.0876875105526414,0,0.112891024057011,0.1511137534123,0.425644684269666,0.184564372592121,0.506455043067467,0.360174076442647,0.34347897175338,1.14669380201172,0.284430209035832,0.44874553854348,0.690357032577062,0.181240683382281,0.367268854794518,0.763159187382181,0.920496453991912,0.261552322286426,1.52589094614118,0.712537278982618,0.646142037542173,0.372535888003359,0.239523865962053,0.226043350806784,0.0993934017541798,0.511412054629335,0.288477169849432,0.495404068172764,0.810192101510566
"Epithelial cells",0.0988341993956788,0.361051106355894,0.423151823693959,0.414986273373366,0.290939588129207,0.40557096874356,4.96003607424225e-19,0.458455739301674,0.4221305163261,0.362565323376177,0.375301126268567,0.302587117534257,0.341426796244037,0.332999874202066,0.192893349708209,0.142060947174836,0.25546614933152,0.298425829931143,0.444149219084164,0.269929243048791,0.300815876799553,0.193043695334813,0.214870404407738,0.365849208739299,0.358238058077224,0.207141113850455,0.233261790553557,0.152665722995317,0.249714341237833,0.242233543181628,0.322817040862181,0.148345535915923,0.290937316249752,0.311191354195822,0.41985527915819,0.383102841518858,0.302476327516759,0.450486933590746,0.175990019527172
"Erythrocytes",1.40806274342709e-17,8.44245620418949e-19,0,1.55277665614019e-18,0,0,0.0145468131672763,0,0,0,0,2.08022443456559e-17,1.37612773880339e-20,0,0.170330961184728,2.8775997307418e-17,0.104445854504287,0.00605751408365663,0,0,0.0802501316272694,0,0,2.02340691259999e-19,0,0,0,0,5.86746842440824e-17,0,0,0,0,0,0,0.0104516462254449,2.54995226698684e-17,0,5.06081579080952e-17
"Fibroblasts",5.50183008258835e-19,3.90448973265815e-19,4.40375024051245e-20,3.70210265194591e-17,0,5.84738624248933e-17,0,1.04013041469618e-16,0,0.185174256246359,0.0893445865158964,0.0748882140036935,0.0187013811680718,2.75769043295681e-18,1.16200331006819e-17,0.259575925175603,9.61613860306827e-18,0,0.0578028330378724,0,0,0.0925803702578973,0.0511998927399651,0,0,3.93319427449881e-17,0,8.51495004339371e-18,0,0,0,0.141487657711496,0.0169866816860787,9.03753138955504e-18,0,0.0541505668453922,0.00053004449420323,0,0
"GMP",1.11845140837043e-18,0.0996854985011513,0,0,2.34228547206678e-18,0.0589885875057042,6.1509851807671e-18,0,4.4829173298744e-19,9.9320882187481e-18,0,1.61127218862838e-18,0,6.33109735219111e-19,0.0708664155244614,0.0360967862824701,0,0.016988907939355,0.0815613357834757,0,0.0860575243275204,0.0668955560846442,0.198330800003758,0,0,0.190173923109235,0.182485464317678,0.311103058572171,0.0728071291825974,0.171497098862839,0.186529253083487,2.43046562094679e-18,0.172502317047844,0.267760664661612,0.157649234363591,3.12712744430949e-18,0,0,0
"Hepatocytes",0.00660455976252039,0,0.0240051897294111,0.0936125843041,0.278150903657182,1.8375202357424e-19,0,0.0509791396036055,0.0819535954739705,0.0125998337633827,0.0109403348814126,0,0.163544996982733,0.0402507347244145,0.0597192823306003,0,0.0929114022842164,0.0835128941233288,0.0296478177992613,1.45116716541178e-19,0.0191776065982607,0.0357022431335585,0.00262233399730576,2.22041707584599e-18,0,0,0.0131047748254371,0.00770559548702908,0,0.0203173594493959,0,0.0478129329816393,0.00848759072660671,0.0320017722276794,0.0846135901913144,0.115690324544855,0.028204381931106,0.0239956828085471,1.69375212805589e-17
"HSC",0.310129599405519,0.324952299222351,0.234659429678699,0.253190859409737,0.14253649162545,0.10782944348071,0.44451696845795,0,1.5167348494263e-18,0.299997623652974,0.186550343771286,0.185665373252087,0.158362831344008,0.179325141284272,0.179832238424728,0.132657061675001,0.00303708812570385,0.0207832305175588,0.133522551061037,5.18832403459013e-19,6.22158262799991e-18,0.239164613661723,0,0.0318140143559435,0,5.14481939099795e-18,0,0.0703424107007386,0,3.7454174410473e-17,0.0854869069202113,0.0624843703180823,0.182864313225712,0,1.80236500929808e-17,3.24530362175774e-17,0,0,0
"iDC",0.198288088056793,0.182801246773488,0.0358518982307258,0.126525124658445,0.110157869773755,0.195192907716144,6.88308186102188e-18,0.131768650215234,0.0984349902986046,0.133658374580339,0.124289532561989,0.153485324597177,0.0828801311608605,0.193644775930034,0.075705007793407,0.219922843902714,0.0985841625788331,0.210161165885924,0.174617795710072,0.215376349468795,0.0789340338726621,0.218453402785917,0.306169337580819,0.000185108120029215,0.136841632766643,0.125146053771345,0.0106574820436701,0.0214232625661457,0.283119064578396,0.0960453771768566,0,0.16207744597387,0.0197927897528404,0.0943467105440619,0.164256892402372,3.49955896304034e-18,0.123240256508398,0.147155088613369,0.0703639976418789
"Keratinocytes",0.0720100128626652,0.093115313438015,0.142621527901963,0.128241058714305,0.0995197908761084,0.144749652022874,2.13700689584384e-17,0.129469391924886,0.144079366454341,0.107115839035588,0.111433694953791,0.082807202423281,0.141444968908335,0.104121421315555,0.10839397520636,0.058626262365966,0.163929975032108,0.174595618182065,0.18713214446373,0.182694813625287,0.241376612803981,0.166685632058559,0.160167350688958,0.100470381628554,0.13389621129006,0.220773172332632,0.176168532323351,0.159639779850307,0.241930360378619,0.186124302328045,0.241971526325679,0.187113112492932,0.174821981252549,0.155512715201778,0.190739619464173,0.204811545304299,0.0863460421977884,0.163634146941289,0.195350464234795
"ly Endothelial cells",0.382847314642477,0.260201241014027,0.309122463781047,0.251700903372582,0.144630134070738,0.00955183653089728,0.18798097016641,0.0501865536241803,0,0.163137321455554,0.221535353880085,0.117111339990072,0.300678221339767,0.33816090729287,0.0789409219807287,0.0298045133988381,0,0.307892418256142,0.111963887137677,0.180442127988948,0.186174704630953,0.145562958367511,0,0.190178964395696,0.174921076555381,0.235786300985097,0.0365018031258346,0.135482486564499,0,0.169319798739368,0.0503652911661433,0,0.105292490551346,1.12437976816976e-17,0.173400052965508,0.160644838033582,0.190735349545274,0.149265130777599,0.196899626826346
"Macrophages",0.0527278319838818,0.295551453475326,0.20679705126163,0.251746954651184,0.184069621219211,0.282842406564601,0.115634204004486,0.167378808768782,0.163109208625431,0.18440167897858,0.182971624467056,0.107736500296985,0.118010933399171,0.00276861389102816,0.192898922521528,0.0747199456402778,0.117002919372,0.119952204105541,0.132351201977346,1.72978097596196e-17,0.0117523443829166,0.0364711390846905,0.101278883908236,0.0809942639074624,0.148399328173121,2.02600753187584e-17,0.026168148335192,0.0863528067000116,0,0.0141400759587448,0.0224912399984219,0.134019795329954,0.0479793939802591,0.0635680960850238,0.0531317130532804,0.0178007941652951,0.0975298284517741,0.0421177759618962,1.03110953604591e-16
"Macrophages M1",1.01008919241517e-18,0.0410146682753786,5.24796694041165e-19,4.97093874528597e-20,2.24008540444117e-19,0.00836147331215031,0,2.17754713367827e-19,0.00506438573229642,0.0525923888656224,0.0240666397160074,0.00837833192035778,0.0695340766855515,1.29590219346816e-17,1.63727927960842e-17,0.0120813658775188,5.80981955977054e-21,0.0138728061205632,7.44474000285837e-19,2.62824981932896e-17,4.00968603952673e-18,5.4116885888117e-18,2.12730536354207e-19,0,0.0397293461591849,1.85313782236971e-17,0,2.15091972377353e-17,8.15462847623807e-18,0,5.76433586818666e-18,0.012517669891954,0,0,0,0.028722127153172,0.024909422721085,0.0332487624873046,0
"Macrophages M2",0.104114651190933,0.159660299459587,0.188788304532866,0.213309527432882,0.252194605444514,0.119143559498792,0.1995796566001,0.0686766287519271,0.0899489788402967,0.0385357404370464,0.0100728394819668,9.9432962687723e-18,0.0840097576741795,0.0864501635508111,0.320434388112072,0.0459926099980788,0.245207675769247,0.214521935188521,0.0873170971063672,0.0887599889576206,1.29501283456573e-20,0.0542584827774527,0.0339313734085102,4.50144660975975e-17,0.0804703694913026,0.121733301346644,0.0478409466619576,0.00782973214568622,0.0924954026014221,0.200572522854302,0.204974777805156,0.190508538688608,0.0576466933289447,0.342628349735222,0.0393750366207502,0.0420983669400284,0.039720244295078,0.0678490749699054,0.0855692068488829
"Mast cells",0.0488342648268949,0.0314506359802135,0.0121372159880549,0.0225022981084017,0.00733493438858833,0.0293779453651312,0.0051233141170837,0.0139807942060294,0.0244305368195861,0.0149171034816798,0.0273372433736637,0.0202989064632539,0.00653215414232009,0,0.00339920032916933,0.0244221977125205,0,0,0,0.0295947654815745,0.0240475626203717,0.0394763091640326,0.0129039551617174,0.0276232509170277,0.00310476624194199,0.0320000753309633,0.0196968712712196,0,4.69478518266887e-18,7.12976746369064e-19,0.0248878173692611,0.00386073123436184,0,0.0058622655371551,1.28589221549656e-18,0.0013738231921504,0.00752169266056605,0.00476283248564476,0
"Megakaryocytes",0.366265938763685,0.14334229173443,0.14404350514208,0.109436724291832,0.105322460087162,1.76667830517526e-18,0.100503466981791,0.0721073906385637,0.0310912688949975,0.0910396025759584,0.152590094258567,0.105914421068329,0.146872559069696,0.33872474451619,0.0946750541854611,0.185388453393453,0.07368170606318,0.109817513639535,0.0170572168868147,0.01407330260428,0.0797090555632142,0.164759491094447,0,5.76443166854617e-20,1.98289831233866e-18,0.196380778491688,0.0828754753189935,0.0547541731073688,0.111472684062711,0.342403912210702,0.358430633202956,0,0,0,0.0576836581868497,0.224139363100235,0.10825561493222,0.149677199540704,0.167612280827595
"Melanocytes",0.0857511432279698,0.025202988417198,0.0160142243620065,0.0226663805872557,0.0446463357614323,0.0272583027858198,0,0.0228913161465802,0.0260670888290346,0.0361966744325878,0.0517297144957211,0.0439521903430004,0.0460254884875443,0.0859621304639724,0.0892581699338174,0.0296976183381072,0.0302107702668096,0.0732269315989736,0.103088928489838,0.152698615818071,0.114556491827402,0.163758549724723,0.0646593186954803,0.071400766289797,0.0660374581433819,0.171292041440432,0.133621590861775,0.125177838710267,0.17422120031103,0.140254569786137,0.0389242136285848,0.134904940862401,0.0544803358670912,0.0851877862291533,0.116952771957755,0.174770671082961,0.062297087419653,0.0739872122862293,0.144883013175403
"Memory B-cells",0,0,0,3.57422076369318e-19,0,0.0398589049431794,0,0.0083723734914264,0.0254953910570515,0,2.56345910921804e-17,0.0909567600502429,3.01422388745139e-17,7.96226426936987e-17,0,0.0157492380735549,0,0.0159040306308053,0.0379028132276085,0,0,0,0.173222154922118,0.045740149046968,0.0157211314091286,0,3.0464967437503e-17,0.0571835404252286,1.53621814818678e-17,0.106164533364873,0,9.01558868995984e-18,0.00434652897544708,0.0113202668167086,0.076535666059578,0,0.0714669113800279,0,0
"MEP",0,0,1.79656287074013e-18,2.11141405988545e-17,0.0185748541633066,7.14276189659325e-18,0.177004768963005,0,4.32895861537677e-18,0,3.41044047848054e-17,0,0,0,0,0,0,0,0,4.83192320285672e-17,9.72715902517036e-18,2.0230391542353e-18,0,0,1.74007884442486e-18,2.1328320037083e-17,0,0,1.08836438260713e-16,0,0,0,2.97820433729887e-19,4.30368556013527e-18,5.68069582439795e-17,0,0,0,4.53195618785574e-18
"Mesangial cells",0.0596919327649875,0.120300037575437,0.156508311464852,0.125728906601641,0.074592224942468,0.129258225470686,1.77665757595402e-17,0.143627652890797,0.167875798236844,0.161617984644876,0.12695980870511,0.155522998328737,0.122974795953949,0.0894483300097568,0,0.0108757632819519,0.0566438315444228,0.114198957878398,0.158477281652666,0.0935143644083508,0.0416079213297986,0.0225591594738745,0.113906214216932,0.208433790220664,0.20324947868923,0.100054640025226,0.0644209284248083,0.115464146351291,0.00783044993791078,0.156568042289485,0.0574317369984167,0.0989468696388307,0.145481438539893,0.115222830919845,0.180256631690147,0.199408633222047,0.138884897789766,0.161317666237522,0.155113636944736
"Monocytes",0,0.265781082253262,0,1.30203210394405e-19,0,0.185057376618004,2.9643155819436e-17,6.05709170775138e-18,0.0351438474566617,0,0.0529041480223308,0,0.00863470320514891,0,0.137404869076562,1.70406688449797e-17,0,0,0,4.11690207408089e-17,0,0.0202571953350572,4.56691217134291e-18,5.12228357784021e-17,0.0790729021816944,0,0,0,0,0,6.15588670010635e-17,0,0,1.43029485274035e-17,3.77942501035138e-17,0,0.0799223043391674,2.67957943579414e-17,0
"MPP",0.5695967769364,0.445009091595192,0,0,0,0.270965411806945,0,0.0130509107676381,0.112049840412822,2.76716772247439e-18,0,0.315809786192514,0.0617909919546483,0.146848744947297,0.436599228619831,0.420355628479003,0.439280128499306,0.481410909769731,0.325719438096988,0.927109970920042,0.482316363234178,0.680244325138957,1.21339822942652,0.271970369117552,0.406668254964795,1.03760990672165,1.08997434750907,1.07995188754289,1.1751873756632,1.0995654235963,1.07296515721384,1.01440171130488,0.902816295915456,0.924320655338288,0.791659108086714,0.407066744187204,0.672531939034676,0.607006720950078,0.968103485763267
"MSC",0.491192176314084,3.65296321164296e-17,1.10449211300175e-17,0.0197025616809191,0.32139478282425,0.0894649494694245,0.36495358824449,0.16850893674951,0.240140158223405,0.506171225441143,0.546350217113886,0.564091337083048,0.312659544320047,0.353436615907069,0.496666910643054,0.623982316177157,1.26526275528853,0.437643101753318,0.592406805127034,0.976159297441431,0.469935952494848,1.03922735793955,0.249589515312064,0.183655252615519,0.61746040823528,0.824783321091029,0.741788015818366,0.428624058416658,0.920102983572697,0.858339787756461,0.836608857227256,1.21194869637937,0.596386994670785,0.554794304046363,0.725444145357033,0.107709607467192,0.668996397510635,0.297307519528929,0.763362342787595
"mv Endothelial cells",0.474371128565633,0.266213738014073,0.315992385615401,0.256188050252795,0.193523699651046,0.0955050555993575,0.23523024982264,0.11659514316632,0.0398851146603989,0.255398907732996,0.243933712127781,0.178447539708925,0.401431360286671,0.429579720016627,0.164244622513851,0.12837157488593,0,0.343728710369673,0.17972976545884,0.249854306201975,0.253626876542745,0.131128773371776,8.84634345316582e-18,0.277619415966188,0.256244015262822,0.234318592542563,0.0773729139243716,0.141566094032116,0.00311849091313207,0.0661862965543732,0.119932302207019,0.028516455968574,0.202753931154003,0.0264515492367645,0.174854022528982,0.281280001773372,0.25208123046613,0.275520076075387,0.245945972031657
"Myocytes",0,0.0180146725874551,0.00236498369802678,0.0678159798634187,0.0178820578686349,0,0.290769365632756,0.104827896795991,0.00072178425753816,2.12543054246907e-19,2.32011696987028e-17,0,0.124957391557644,0,0.0923019237675603,0.107732544344222,0,0.0486130866916611,0.0728527663715819,0.026227333556557,0.153699366158231,0.0443862495353352,0.163702332646591,0,0.0340337076567356,0.0622433031686928,0.0806195587299551,0.13582360226087,0.0964935389235733,0.056096365378781,0.101182618969875,0.156364657397485,0.138045789748697,0.06422710920221,0.0993409962334912,0.0400861504519988,0,0.0338277895279029,0.0216163698464012
"naive B-cells",2.97883607087611e-17,0,0,6.6946284553408e-20,0,1.79192479267131e-18,5.34442273922104e-17,8.86609188916851e-19,3.26978160546145e-18,0,0,0.0100639991639985,0,0,4.88558752265653e-20,9.22436192467657e-18,1.08232918051453e-17,0,3.69269782363637e-17,7.99981955002447e-17,7.64697259398297e-17,7.92178597013249e-17,1.09630793083974e-17,1.5658562275708e-18,0,0,0,0,6.74271209755873e-17,0,0,0,0,0,0,4.08026614630099e-17,2.6846242266264e-18,0,2.85150720282418e-16
"Neurons",0.0335264847737289,0.0197759826967634,0.017609780926307,0.0238368720587704,0,0.0217367218015693,0.0345641166947342,0,0.0184609039826354,0.00302468000688205,0.00820196522650096,0.0174453661682658,0.000681180331413932,0.04681747119845,0.152072662524019,0.0618287831314279,0.0528624031775579,0.0950538528293723,0.0831428451433945,0.150010971808671,0.0802229934257454,0.102557290038372,0.142722052214591,0.00375455113932099,0.0419182275108278,0.1359232544155,0.11020540812453,0.174050944743247,0.178030471486541,0.0858048536986811,0.0893071377521263,0.139996687468239,0.0831601579873324,0.0612341447616558,0.0873233735723644,0.107922123255529,0.00296483224559548,0.0453524969071668,0.143766576756597
"Neutrophils",0.200672336815542,0.015522098763794,0.0541010735464545,0.00207933791742485,0.0203779636968011,0.0628800422061208,0,8.24149623593887e-18,0.014651321256204,6.41710896141394e-19,0.0497685574401414,0.0180166907266623,0.0236520114204981,0.0699469880376604,0.379372461957445,0.137731933261004,0.0747282310876967,0.192604465883528,0.00779588081954689,0.0771709632725355,0.128229690596233,0.123435379829349,0.0231789314314202,0.00852211266814081,0.00455366254537279,0.174288206722208,0.200533984959299,0.0932777835125551,0.11043157388088,0.0996135192945391,0.0384638396082108,0.239612651315359,0.0327199892138339,0.135381698801071,0.177447222031987,0.0523473039124557,0.028650036259868,9.48922054071173e-19,0.0908758605211109
"NK cells",0,0.0756169316600171,1.23130780461228e-19,7.15033667140237e-18,1.9540848001718e-17,0.0688135271541998,4.91329330387839e-18,2.98495153688938e-18,0,9.05992585739174e-18,0,5.16054831481514e-18,0,0,0,0.0156822618562624,0.0263826828821392,0,0,0.0493154070968252,1.94572618253321e-18,0,0,1.21540915336672e-17,3.79671383908448e-17,0.0595113020322592,0,9.21187160092823e-17,4.08666164424758e-17,1.57118605924658e-16,2.74212131307213e-18,0,1.32311797095017e-18,2.36716229439498e-17,7.30789334277529e-17,0,3.93368504398619e-17,3.35103117654957e-17,1.19643066239319e-18
"NKT",0.549569897891227,0.120792687236817,0.110901643066831,0.169098692390819,1.01825038307637e-17,0.0365945401493593,0.450010710426283,0.0744834008432438,0.0960828981065335,0.109248785506394,0.0570479760986513,0.236545524474296,0.0646147548123078,0.711359842016713,0.702232031172393,0.541834683152846,0.175273422774693,0.797418478011893,0.651781539357907,0.895215754291536,0.46970976214237,0.317689961746974,1.14099188937339,0.352055056914367,0.586590464239632,0.395343417610613,0.369610939764695,0.857662067299276,1.08920366876502,0.667842691283091,0.364579431014659,0.583785574076397,0.492827171502824,0.15046797659818,0.342289792809949,0.717210887370735,0.366609033040442,0.392093838116495,0.964287424450909
"Osteoblast",0.222552004448059,0.103032564819621,0.251298483745057,0.287654444400003,0.246106362627944,0.290845361502759,0.549829980801208,0.344322441360771,0.312065396889258,0.178033733478868,0.144036621552156,0.166654729778277,0.184134751252736,3.89833249980335e-19,1.05072379613944e-18,0.340928806484054,0,0.494834930595184,0.0600679008569186,0.0517291646471886,0.0211125574209518,1.34766639615108e-17,0.0599703243908562,0.150800899709836,0.247464580134981,5.3854828164601e-17,0.0241204672241826,0,0.0366182987590025,9.36824780377422e-17,0.0313260951466497,0.238083370179454,0.245123259915827,0.118877367069291,0.188063862850007,0.0222092243036563,0.152272900635645,0.399145657331223,1.44388876724488e-16
"pDC",0.037736081027064,0.0416683594857154,0.0510711956844878,0.0246170997744416,0.0900913844400872,0.0778523306143683,0.0734953235990002,0.0194724763699376,0.0329913769596577,0,4.72457261554729e-18,0.0583215220670532,0.0708619071313273,3.35731952777815e-18,0.0772885534970429,0,0.0825956528321468,0,0.0537571913596458,0,1.22121901411408e-18,2.50428310614632e-19,0.0659318092478699,9.9159625853297e-18,3.66836119446312e-18,0,0.0381190148768811,2.08505217736401e-20,1.26452725801522e-17,0.189998763642417,1.19406877342301e-19,0,0.0050911504245533,0.0588133241148051,0.0853937365401312,0.106374475756995,0,0,0
"Pericytes",0.111502772727608,0.0320827261445158,0,0.00744227307278754,9.78962285469591e-18,0,0.0468767827193262,0.00787334651697641,1.43559082665692e-18,0.0845462375636321,0.0807317609729947,0.0588776718820551,0.0867933378728821,0.0864224006030047,0.044160769012613,0.0525345346841336,0.0445251550245512,0.0999771820864673,2.14314815474121e-18,0.195447832215347,0.084848404967438,0.0794168486937466,0.0560068226914771,0.0339895805430082,0.0641027393022078,0.127540330544382,0.127126134955929,0.0567528741222217,0.121988791333167,0.142907737483097,0.0310591727160156,0.100761065875675,0.137562116993614,0.121341777384204,0.0682306119971288,0.17235995617079,0.0410919011420757,0.104417500150902,0.180141573221938
"Plasma cells",0.0169096223807733,0.0204583333893014,0.0266895793943646,0,0.118437242627103,0.0533402587041413,0.176149156229724,0.0866560855600265,0.0437866186438622,0.0024342900281246,4.23448099589794e-18,1.28193827744716e-17,0.130946289970603,0,0,0,0,0.0319012893604947,8.70744508941613e-17,0,1.75090119428312e-18,3.75408839486098e-17,0,0,0.0111983980117415,7.37121224194289e-17,0,0,0,1.93858568107784e-18,7.33459936662509e-17,0,0,0,1.2226145552342e-17,1.96846483410248e-17,0,0,0
"Platelets",0.128120699635468,0.0722512031657039,0.0272130385682235,0.0373816453458893,0.0155487254371741,0.0398997360114404,1.58453096691506e-19,0.021031664163763,0,0,0.0135226307147623,0.0173610858899397,0.0223245398886982,0.0378778321238436,0.189803959114125,0.0550712639217764,0.0407777952411421,0,0.0060201243263306,0.10444105349402,0.103030521107476,0.130089046754619,0,0,0,0.129098932448329,0.0932490338845297,0.121241009691667,0.0720122746965282,0.141507618750743,0.111477966158395,0.0773392307592934,0,0,0,0.0504487360411476,0.0177564438709789,0,0.0314343484836433
"Preadipocytes",0.136597908209204,0.0509013538760664,0.0558787660026754,0.0466076457377139,0.0814429986281569,0.0214403962332006,0.0897968443548219,0.0532971912583612,0.0184846815414439,0.0625439006352551,0.077794262739394,0.0093302633365759,0,3.60244364933389e-18,0.0696043324323484,2.20382330036915e-17,3.65306503518299e-17,0,1.18182149405853e-17,0.0999088943949723,0.0546465402424837,0.0458150338631886,0,0.0137044201579071,2.53736239918615e-17,0,0.0146832967042047,0,0.0227956227862769,0.0839350778685207,0.0615813319386175,0.0445361216221379,0.097453779111834,0.0848544005553589,0.0413642611632529,0,0.0538771853696211,0,2.04649613950388e-19
"pro B-cells",0.114491783079822,0.00886754913862348,0,4.05241984615459e-18,0.0378948951568512,0.0122423082975717,0.161933372748702,0.0520367605053568,0.0594319885058145,0.00967792173537555,0.0553526591395672,0.0184394495506132,0.0363412703779616,0,0.163254192972838,0.0550069078219099,0.109339987395643,0.0748466215755604,0.00338328459735529,0.108934050860222,0.236700351483297,0.199800998025264,0.105688098444363,0.00566485520997544,0.096510806065637,0.290401142182169,0.307465030918435,0.338314126038894,0.243248063523298,0.188380066796626,0.139667608381986,0.251118795537509,0.0882412682525084,0.158642966336935,0.211403877431854,0.286623060544986,0.0686736107146066,0.105911322916243,0.0472131004932584
"Sebocytes",0.0123186157769964,0.0174714766994674,0.023902492332287,0.0201167027756803,0.0238016513392809,0.023821600104608,0,0.0218105118282606,0.0212499993572615,0.0138593823682058,0.0192493327877582,0.013538572015879,0.0213763549934859,0.0182545626026986,0.0175048313061096,0.0132629359137784,0.0229284046108119,0.0198193764713313,0.0260437943473587,0.0275387487445362,0.0269534895968777,0.0269296189778137,0.033625226524094,0.0130431817119975,0.0143534923888081,0.0208884555164904,0.0230326955250053,0.0145466125200328,0.0340520537548444,0.0227832194557615,0.0200476678146714,0.028219036594483,0.0204615659829469,0.0233496355483939,0.0266382925727333,0.0212841006722974,0.0168067078833399,0.024292898681898,0.0285007140851896
"Skeletal muscle",0.114519619741335,0.0123177438843783,0,0.0334007871931421,0.00531048483651256,1.79331930078885e-17,0.324567999246938,0.0467532515551843,0.00296290115852033,0.0187873366316067,0,0.0165701346930674,0.0774600748292772,0.0468804559584049,0.122764566690311,0.0755563111038979,0.0848026406650907,0.110333408214001,0.0831673840742977,0.104181944881488,0.150519291405175,0.0948367980762206,0.192874827903705,0.00589663709986999,0.0917053549369851,0.129027608071251,0.115553107212333,0.141086026403071,0.09460731335463,0.15217920254304,0.0960151397984427,0.233366143220395,0.220391279987275,0.062939446341919,0.149668832814884,0.108414065665012,0.011785763202852,0.0482469074016085,0.0943772891773936
"Smooth muscle",0.158006156328179,0.491400856441135,0.536842003231321,0.538477011748022,0.345622046101089,0.652190950060053,0.591111664648475,0.521039914739562,0.454124238783954,0.340590299976794,0.401818916632223,0.330030098887055,0.158340201098532,0.365871095040131,0.0417184773277093,0.415894051002989,0.0801409673635292,0,0.2697652854861,6.00317839825549e-18,0.165951832968932,0.0552389523822919,1.27091630669631e-17,0.116063529633877,1.06789321055856e-17,5.58933105312248e-17,1.92429969228248e-16,0,2.25474367125094e-16,3.22494328666716e-17,5.62057825149606e-17,0,0,0,5.34059413988122e-18,0,0.119263036938752,0.0431039829881874,0
"Tgd cells",0,0.107510466195258,1.51191212824801e-18,0,0,0.0687077208578372,0.0174348016785859,0.0173477726301819,0.013634320092231,0,0.0168964248409912,0.103374342299236,5.25834641928084e-17,1.52877780439081e-16,1.33501259620065e-17,0.060209306917206,2.50018580472186e-19,0,0,0.0396963338782936,0.2693752098479,0.174263050737848,6.75729590504796e-18,0.00092997507306554,0,0.0767052523359418,7.73392368745026e-21,0.0608737349945104,0,2.98700222575016e-18,0.14334140242814,0.000842254482512245,1.52729083535845e-18,0.0465946403242509,0.0413223469415649,0,0.0336947035359993,0,1.04710816300077e-17
"Th1 cells",0.184190439446489,0,0.200469951740727,0.157732524335198,0.195144165360898,0.210503485974192,0.497594185039413,0.278070230927397,0.271338846367366,0.15972768961033,0.184889224602072,0.0622203255085013,0.0866489673316816,0.383336352168168,0,0.0263312778833921,0.249529703775672,0.169243009824976,0.231723669122115,0.0150763455375256,0.352212227249528,0.0508864406747385,0.200540838915477,0.199762644069748,0.184735405916903,0.173552986565897,0.225799958385912,0.0209382993698254,0.148243607105138,0.325516428868614,0.0489571373523839,0.323805725238519,0.257414914386207,0.280181674491341,0.287519051993318,0.164389355211004,0.104117147901541,0.365043975404809,0.148422518884652
"Th2 cells",2.2572613766828e-17,0.0895388036776713,0.0516594212115336,0,0.0362964954187599,3.33630609101296e-20,0.033857204961245,0.0150156731584976,2.71328318985719e-17,0,0.0534921619829363,0,0.0560985355740236,0,0.154799780548504,0.088009317288593,0.0230187007414454,0.0162854601156869,0.00281181508705814,0.141855008873513,0.104008058256226,0.135050128703813,0.0163742696819025,2.06252906628636e-18,0,0.0625282852970509,0.0661697749410327,9.42747207683957e-18,0,0,0.121750308385725,0.0966497182614008,9.22796076771378e-17,6.49083920734982e-17,0,0.105995203241632,0,0.0634373154322058,0.0604864834240503
"Tregs",0.0785042082895834,0.145860271837048,0.149199095375936,0.18028116334332,0.138560782880372,0.13923827616901,0.114489700592054,0.129949987175308,0.113352635130476,0.14289673838002,0.128277165780474,0.112379210942889,0.151352004222281,0.182631082942518,0.173552533767407,0.231327786602266,0.0992764123611167,0.14583223357089,2.71181195032287e-17,0.21171466462614,0.092153580656395,0.126082967888421,0.388245592162868,0.180405607969322,0.18691060961781,0.135233735105878,0.131559374134026,0.434252111834967,0.224169158839155,0.2977714250867,0.0791901038086777,0.109850793963376,5.14561833781823e-19,0.058364409637879,0.18941615103037,0.158620007840808,0.146519605255527,0.129097552234077,0.117586481531357
