"CellType","MedianEnrichment","EnrichmentLevel","PresenceFraction","PresenceClass","Interpretation"
"Epithelial cells",0.302476327516759,"High",0.974358974358974,"Frequent","Epithelial cells: High enrichment with frequent presence. Barrier cells covering organs; key in regeneration and mucosal immunity."
"CD8+ naive T-cells",0.269624821639105,"High",0.948717948717949,"Frequent","CD8+ naive T-cells: High enrichment with frequent presence. Unactivated cytotoxic T-cells; precursors of effector CD8+ populations."
"CLP",0.24618957158657,"High",0.948717948717949,"Frequent","CLP: High enrichment with frequent presence. Common lymphoid progenitors; give rise to B, T, and NK lineages."
"NKT",0.392093838116495,"High",0.948717948717949,"Frequent","NKT: High enrichment with frequent presence. Hybrid T/NK cells recognizing lipid antigens and bridging innate and adaptive immunity."
"mv Endothelial cells",0.202753931154003,"High",0.923076923076923,"Frequent","mv Endothelial cells: High enrichment with frequent presence. Microvascular endothelial cells; form small-vessel networks and mediate exchange."
"Eosinophils",0.261552322286426,"High",0.871794871794872,"Frequent","Eosinophils: High enrichment with frequent presence. Granulocytes defending against parasites and driving Th2-type inflammation."
"MSC",0.506171225441143,"High",0.871794871794872,"Frequent","MSC: High enrichment with frequent presence. Mesenchymal stem cells; multipotent stromal cells modulating immunity and repair."
"CD4+ memory T-cells",0.222584690749242,"High",0.846153846153846,"Frequent","CD4+ memory T-cells: High enrichment with frequent presence. Memory helper T-cells; provide rapid recall response upon antigen re-exposure."
"MPP",0.445009091595192,"High",0.82051282051282,"Frequent","MPP: High enrichment with frequent presence. Multipotent progenitors; intermediate stem cells generating multiple blood lineages."
"Basophils",0.2724390461683,"High",0.794871794871795,"Frequent","Basophils: High enrichment with frequent presence. Granulocytes mediating allergic reactions and releasing histamine and IL-4."
"Keratinocytes",0.155512715201778,"Moderate",0.974358974358974,"Frequent","Keratinocytes: Moderate enrichment with frequent presence. Epidermal cells producing keratin and cytokines; maintain skin barrier."
"Mesangial cells",0.120300037575437,"Moderate",0.948717948717949,"Frequent","Mesangial cells: Moderate enrichment with frequent presence. Kidney glomerular support cells regulating filtration and vascular tone."
"Th1 cells",0.184889224602072,"Moderate",0.948717948717949,"Frequent","Th1 cells: Moderate enrichment with frequent presence. CD4+ helper subset producing IFN-<U+03B3>; promotes cellular immunity."
"Tregs",0.13923827616901,"Moderate",0.948717948717949,"Frequent","Tregs: Moderate enrichment with frequent presence. Regulatory T-cells suppressing immune activation and maintaining tolerance."
"Class-switched memory B-cells",0.13866062685031,"Moderate",0.897435897435897,"Frequent","Class-switched memory B-cells: Moderate enrichment with frequent presence. Mature B-cells expressing IgG/IgA/IgE after class switch recombination."
"ly Endothelial cells",0.160644838033582,"Moderate",0.82051282051282,"Frequent","ly Endothelial cells: Moderate enrichment with frequent presence. Lymphatic endothelial cells mediating drainage and immune cell trafficking."
"Megakaryocytes",0.105322460087162,"Moderate",0.82051282051282,"Frequent","Megakaryocytes: Moderate enrichment with frequent presence. Large bone-marrow cells producing platelets and cytokines."
"Osteoblast",0.150800899709836,"Moderate",0.794871794871795,"Frequent","Osteoblast: Moderate enrichment with frequent presence. Bone-forming cells secreting osteoid and regulating mineralization."
"iDC",0.125146053771345,"Moderate",0.282051282051282,"Occasional/rare","iDC: Moderate enrichment with limited presence. Immature dendritic cells; antigen-sampling cells before activation."
"Melanocytes",0.071400766289797,"Low",0.974358974358974,"Frequent","Melanocytes: Low enrichment with frequent presence. Pigment-producing cells; regulate oxidative stress and immune interactions."
"Sebocytes",0.0212841006722974,"Low",0.974358974358974,"Frequent","Sebocytes: Low enrichment with frequent presence. Sebum-producing skin cells contributing to lipid homeostasis and barrier function."
"Macrophages M2",0.0864501635508111,"Low",0.923076923076923,"Frequent","Macrophages M2: Low enrichment with frequent presence. Alternatively activated macrophages; tissue-repairing, immunosuppressive phenotype."
"Neurons",0.0612341447616558,"Low",0.923076923076923,"Frequent","Neurons: Low enrichment with frequent presence. Excitable cells transmitting signals within the nervous system."
"Skeletal muscle",0.0917053549369851,"Low",0.923076923076923,"Frequent","Skeletal muscle: Low enrichment with frequent presence. Voluntary striated muscle; key for locomotion and energy metabolism."
"Macrophages",0.0975298284517741,"Low",0.897435897435897,"Frequent","Macrophages: Low enrichment with frequent presence. Phagocytes orchestrating tissue homeostasis, repair, and immune activation."
"Pericytes",0.0682306119971288,"Low",0.871794871794872,"Frequent","Pericytes: Low enrichment with frequent presence. Perivascular mural cells stabilizing capillaries and regulating blood flow."
"CD8+ T-cells",0.0646008560568458,"Low",0.82051282051282,"Frequent","CD8+ T-cells: Low enrichment with frequent presence. Cytotoxic T lymphocytes; kill infected or malignant cells via perforin and granzyme release."
"pro B-cells",0.096510806065637,"Low",0.743589743589744,"Frequent","pro B-cells: Low enrichment with frequent presence. Early B-cell precursors undergoing immunoglobulin gene rearrangement."
"Tgd cells",1.52877780439081e-16,"Low",0.743589743589744,"Frequent","Tgd cells: Low enrichment with frequent presence. Gamma-delta T-cells; innate-like T-cells recognizing stress ligands."
"CD4+ T-cells",0.0684872574512551,"Low",0.717948717948718,"Frequent","CD4+ T-cells: Low enrichment with frequent presence. Helper T-cells coordinating immune activation and cytokine secretion."
"Hepatocytes",0.0191776065982607,"Low",0.666666666666667,"Frequent","Hepatocytes: Low enrichment with frequent presence. Liver parenchymal cells central to metabolism, detoxification, and protein synthesis."
"Adipocytes",0.0557928417266725,"Low",0.641025641025641,"Frequent","Adipocytes: Low enrichment with frequent presence. Fat-storing cells that secrete adipokines and influence inflammation and metabolism."
"CD8+ Tem",0.0408343430345032,"Low",0.641025641025641,"Frequent","CD8+ Tem: Low enrichment with frequent presence. Effector memory CD8+ T-cells; provide rapid response at tissue sites."
"DC",0.025121165135623,"Low",0.641025641025641,"Frequent","DC: Low enrichment with frequent presence. General dendritic cell population mediating antigen presentation and T-cell activation."
"CD4+ Tcm",0.0915477772367271,"Low",0.615384615384615,"Frequent","CD4+ Tcm: Low enrichment with frequent presence. Central memory CD4+ T-cells; reside in lymphoid tissue and provide long-term immunity."
"Memory B-cells",2.56345910921804e-17,"Low",0.58974358974359,"Frequent","Memory B-cells: Low enrichment with frequent presence. Long-lived B-cells ensuring rapid antibody production upon re-challenge."
"Neutrophils",0.0541010735464545,"Low",0.58974358974359,"Frequent","Neutrophils: Low enrichment with frequent presence. First-responder phagocytes mediating acute inflammation and pathogen clearance."
"Smooth muscle",0.0801409673635292,"Low",0.58974358974359,"Frequent","Smooth muscle: Low enrichment with frequent presence. Involuntary contractile cells in vessels and viscera."
"Endothelial cells",0.0651764348034158,"Low",0.538461538461538,"Frequent","Endothelial cells: Low enrichment with frequent presence. Vascular lining cells regulating permeability, angiogenesis, and leukocyte trafficking."
"B-cells",0.00484138682205283,"Low",0.512820512820513,"Frequent","B-cells: Low enrichment with frequent presence. Adaptive immune cells producing antibodies; key in humoral immune response."
"HSC",0.0624843703180823,"Low",0.512820512820513,"Frequent","HSC: Low enrichment with frequent presence. Hematopoietic stem cells; multipotent progenitors of all blood lineages."
"Myocytes",0.0486130866916611,"Low",0.512820512820513,"Frequent","Myocytes: Low enrichment with frequent presence. Muscle cells responsible for contractile function in skeletal or cardiac tissue."
"pDC",0.0194724763699376,"Low",0.512820512820513,"Frequent","pDC: Low enrichment with frequent presence. Plasmacytoid dendritic cells; major producers of type I interferons in viral defense."
"Preadipocytes",0.0413642611632529,"Low",0.512820512820513,"Frequent","Preadipocytes: Low enrichment with frequent presence. Precursors of adipocytes; can signal inflammation during adipose expansion."
"Mast cells",0.00752169266056605,"Low",0.487179487179487,"Frequent","Mast cells: Low enrichment with frequent presence. Granule-rich cells mediating allergic responses and vascular permeability."
"CD4+ Tem",0.0451434072883308,"Low",0.461538461538462,"Frequent","CD4+ Tem: Low enrichment with frequent presence. Effector memory CD4+ T-cells; circulate in peripheral tissues and respond quickly to antigens."
"Chondrocytes",1.18582291598415e-17,"Low",0.384615384615385,"Frequent","Chondrocytes: Low enrichment with frequent presence. Cartilage-producing cells involved in extracellular matrix and joint maintenance."
"CMP",1.56823426150262e-17,"Low",0.358974358974359,"Frequent","CMP: Low enrichment with frequent presence. Common myeloid progenitors; precursors for granulocytes, erythrocytes, and macrophages."
"Platelets",0.0314343484836433,"Low",0.333333333333333,"Occasional/rare","Platelets: Low enrichment with limited presence. Anucleate blood fragments mediating hemostasis and releasing growth factors."
"Macrophages M1",8.15462847623807e-18,"Low",0.282051282051282,"Occasional/rare","Macrophages M1: Low enrichment with limited presence. Classically activated macrophages; pro-inflammatory, anti-tumor phenotype."
"Plasma cells",4.23448099589794e-18,"Low",0.282051282051282,"Occasional/rare","Plasma cells: Low enrichment with limited presence. Terminally differentiated B-cells secreting antibodies."
"cDC",2.63958218857384e-17,"Low",0.256410256410256,"Occasional/rare","cDC: Low enrichment with limited presence. Conventional dendritic cells; professional antigen-presenting cells activating T-cells."
"CD8+ Tcm",2.35002494250159e-18,"Low",0.230769230769231,"Occasional/rare","CD8+ Tcm: Low enrichment with limited presence. Central memory CD8+ T-cells; maintain long-term cytotoxic memory."
"GMP",6.1509851807671e-18,"Low",0.230769230769231,"Occasional/rare","GMP: Low enrichment with limited presence. Granulocyte-monocyte progenitors; intermediates for myeloid differentiation."
"Th2 cells",0.0163742696819025,"Low",0.230769230769231,"Occasional/rare","Th2 cells: Low enrichment with limited presence. CD4+ helper subset producing IL-4/IL-5/IL-13; promotes humoral and allergic responses."
"CD4+ naive T-cells",5.03315712128463e-18,"Low",0.205128205128205,"Occasional/rare","CD4+ naive T-cells: Low enrichment with limited presence. Unactivated helper T-cells; precursors that differentiate into effector subsets."
"NK cells",4.91329330387839e-18,"Low",0.153846153846154,"Occasional/rare","NK cells: Low enrichment with limited presence. Natural killer cells; innate cytotoxic effectors against tumors and virally infected cells."
"Erythrocytes",0,"Low",0.128205128205128,"Occasional/rare","Erythrocytes: Low enrichment with limited presence. Red blood cells transporting oxygen; presence indicates blood contamination in samples."
"Fibroblasts",8.51495004339371e-18,"Low",0.0769230769230769,"Occasional/rare","Fibroblasts: Low enrichment with limited presence. Stromal cells synthesizing collagen and remodeling extracellular matrix."
"Monocytes",1.30203210394405e-19,"Low",0.0769230769230769,"Occasional/rare","Monocytes: Low enrichment with limited presence. Circulating precursors of macrophages and dendritic cells."
"MEP",0,"Low",0.0256410256410256,"Occasional/rare","MEP: Low enrichment with limited presence. Megakaryocyte-erythroid progenitors; precursors of platelets and red cells."
"naive B-cells",4.88558752265653e-20,"Low",0.0256410256410256,"Occasional/rare","naive B-cells: Low enrichment with limited presence. Unactivated B lymphocytes awaiting antigen encounter."
"aDC",0.0300204204200118,"Low",0,"Occasional/rare","aDC: Low enrichment with limited presence. Activated dendritic cells; antigen-presenting cells that drive T-cell priming and cytokine release."
"Astrocytes",8.87465831098819e-18,"Low",0,"Occasional/rare","Astrocytes: Low enrichment with limited presence. Glial cells maintaining neural homeostasis and contributing to neuroinflammatory signaling."
